{
  "only_trend_flip_exits": {
    "trades": 230,
    "wr": 33.91304347826087,
    "pnl": 297.90455799999995
  },
  "score_min_3.5": {
    "trades": 377,
    "wr": 36.339522546419104,
    "pnl": -48.23539700000007
  },
  "score_min_4.0": {
    "trades": 288,
    "wr": 36.80555555555556,
    "pnl": -367.943337
  },
  "remove_worst_syms(BTC,DOGE,SOL,SUI,TAO)": {
    "trades": 363,
    "wr": 40.22038567493113,
    "pnl": 2958.8681260000008
  },
  "nado_short_only+hibachi_all": {
    "trades": 542,
    "wr": 39.48339483394834,
    "pnl": -971.1495310000016
  },
  "hold_min_15min": {
    "trades": 479,
    "wr": 42.58872651356994,
    "pnl": 453.2383339999998
  },
  "roc_min_10bps": {
    "trades": 283,
    "wr": 36.74911660777385,
    "pnl": 86.63894399999998
  },
  "top_syms_only(AAVE,BTC,LIT,PUMP,ZEC)": {
    "trades": 265,
    "wr": 51.320754716981135,
    "pnl": 844.0564399999988
  },
  "score>=3.5_AND_hold>=15min": {
    "trades": 254,
    "wr": 37.79527559055118,
    "pnl": 61.43566999999999
  }
}